"ClientFirstName","ClientLastName","ClientID","CatererID"
"Sierra","Gould","4033","2468"
"Greg","Jara","7092","1357"
"Joe","Gleer","2318","3698"
"Sydney","Gelpke","6289","7412"
"Ryan","Colinski","9829","9632"
"Roy","Woods","8231","1478"
"Willow","Smitt","1199","2589"
"Dylan","Jackson","9444","3691"
"Lindsey","Lohan","2410","7539"
"Sasha","Espinosa","9753","8520"
"Tino","Tags","4424","2468"
"Molly","Pitcher","1109","2468"
"Charlie","Cenaz","7777","2468"
"Giman","Polo","2323","2468"
"Maura","Deek","2960","2468"
"Sammy","Vino","6446","2468"
